name,score_cuda,score_opencl,score_vulcan
GeForce GTX 1070 Ti,50192,51542,57436
GeForce GTX 780,17333,16536,20881
AMD Radeon(TM) Pro Duo,42103,28000,
ATI Radeon Pro W5500X Compute Engine,26480,,
Intel(R) HD Graphics 510,2800,2505,
GeForce GTX 470,9405,,
Intel(R) Haswell Mobile,502,,
AMD FirePro W5170M,9732,,
Quadro P4000,38111,40430,41226
GeForce GTX 745,6255,6233,5549
GeForce GTX 650 Ti BOOST,7128,7110,
Intel(R) HD Graphics 515,3304,3376,
AMD Radeon HD 6550D,1208,,
Vega 20 [Radeon VII],91281,,
GeForce GT 520MX,1139,,
AMD Radeon HD 8610G,1523,,
GT 740M,1114,,
Intel(R) HD Graphics 530 (Skylake GT2),3253,,
Intel(R) Iris(R) Plus Graphics 655 (CFL GT3),4579,,
Tesla K40m,14166,,
Mali-T830,437,41,
Quadro K4200,9142,9514,
Intel(R) UHD Graphics (Comet Lake 3x8 GT2),4223,,
AMD Radeon HD 6900M Series,2693,,
NVIDIA Tegra K1,725,,
GeForce GT 630M,1876,,
AMD Radeon (TM) RX 470 Graphics,36538,,
Quadro K4000M,4315,,
GeForce GPU,6864,8179,7495
Quadro P5000,45287,46710,56110
Tesla K80,15717,17429,
GeForce RTX 2070,94880,85873,72757
ATI FirePro V (FireGL V) Graphics Adapter,2061,,
AMD Radeon R5 M435,6025,,
Radeon RX 590 Series,52048,48360,
GeForce GTX 660 Ti,11355,13677,14312
Intel(R) Iris(TM) Pro Graphics 5200,5154,,
ATI Radeon Pro 5500M Compute Engine,28053,,
GeForce MX130,6619,7156,6270
Radeon RX 580 Series,46312,42009,
GeForce GT 640M LE,2102,,
AMD FirePro D300 (FireGL V),22150,,
Intel(R) Gen8 HD Graphics NEO,3261,,
Radeon RX 570 Series,40837,36503,
AMD Radeon (TM) RX 580,43491,,
Intel(R) HD Graphics P4600,2763,,
Quadro K1200,9060,,
Quadro K5200,16364,,
Intel(R) Bay Trail,156,,
Radeon RX 560 Series,21048,18772,
ATI Radeon Pro 575X Compute Engine,31319,,
AMD Radeon R9 200 / HD 7900 Series,36872,38040,
GeForce GT 610,1161,,
AMD Radeon HD 8600M Series,5487,,
AMD Radeon(TM) R5 M430,5230,,
Quadro P3200 with Max-Q Design,33731,,
GeForce GT 730M,3045,,
AMD Radeon 5700XT Compute Engine,64537,,
Intel(R) UHD Graphics 610,3142,3042,
Quadro K4100M,4649,,
Mali-G72 MP3 r0p3,1227,,
Intel(R) UHD Graphics 615,3743,3724,
AMD Radeon HD Tonga PRO Prototype Compute Engine,28351,,
Intel(R) UHD Graphics 617,4041,,
Intel(R) Iris(TM) Pro Graphics 6200,5045,,
GRID P4-8Q,38427,,
ATI Radeon VII Compute Engine,49525,,
AMD Radeon HD 7340 Graphics,404,,
ATI Radeon Pro W5700X Compute Engine,58479,,
AMD Radeon (TM) R9 360,13828,,
Quadro P520,9262,8205,9062
AMD Radeon Pro 5600XT Compute Engine,52668,,
AMD Radeon RX 550,12584,,
Radeon RX Vega M GH Graphics,28904,31168,
Radeon Pro WX 4100,19636,,
AMD RADV POLARIS11 (LLVM 9.0.1),21120,,
AMD Radeon R5 Graphics,4869,5242,
AMD Radeon HD 7540D,1068,,
ATI Radeon HD 6750M,405,,
Radeon Pro 560,16067,15315,
Quadro M5000,28178,,
Radeon (TM) R5 M420,4563,,
Radeon RX550/550 Series,12858,12603,
ATI Radeon HD - FirePro D500 Compute Engine,20371,,
AMD RADV NAVI10 (LLVM 10.0.1),53122,,
Intel(R) HD Graphics 630,4899,5095,
Intel(R) UHD Graphics 600 (Geminilake 2x6),667,,
AMD Radeon (TM) R5 M330,5349,4563,
Mali-G52 MC1,531,489,
Mali-G52 MC2,932,1071,
AMD Radeon (TM) R5 M335,5010,,
AMD Radeon Pro RX580 Compute Engine,44066,,
AMD Radeon (TM) 530,4691,,
AMD Radeon RX 5700,65248,50750,
AMD Radeon HD Pitcairn XT Prototype Compute Engine,23594,,
67EF:CF,15861,,
AMD Radeon HD - FirePro D300 Compute Engine,21334,,
Quadro RTX 6000,162034,133361,105093
Intel(R) HD Graphics 4200,2011,,
AMD Radeon (TM) HD 8500M/8700M,5792,,
AMD Radeon HD 8730M,6097,,
Quadro K620M,6048,,
AMD Radeon Pro Radeon RX 580 Compute Engine,38324,,
AMD Radeon(TM) Vega 9 Graphics,9716,,
Radeon (TM) R7 M445,5942,,
AMD Radeon RX590 GME,48836,,
Quadro M2000,13223,14854,
Quadro M6000,32321,,
AMD Radeon HD 7640G,1261,,
AMD Radeon(TM) R9 290X,45055,,
Quadro M500M,6027,,
Mali-G76 MC4,1911,1945,
AMD Radeon Pro W5700XT Compute Engine,48690,,
GRID V100S-32Q,153272,,
AMD Radeon RX 550 Compute Engine,15981,,
Quadro P2200,30147,32754,32429
GeForce GTX 775M,4369,,
ATI Radeon RX 5500 XT Compute Engine,30154,,
AMD Radeon(TM) RX 560 Series,19930,18361,
GeForce MX250,9733,10218,9890
Intel(R) Iris(R) Graphics 540,5875,6597,
Radeon RX 570,35525,40031,
Quadro K600,1613,,
Radeon (TM) Pro WX 4100,19803,21655,
AMD Radeon HD 6800 Series,4243,,
Radeon (TM) RX 470 Series,34961,,
Quadro RTX 3000,63792,61948,52100
AMD Radeon (TM) R9 M375,10568,,
GeForce GT 730,2749,3156,3371
ATI Radeon Pro Vega II Duo Compute Engine,81498,,
Quadro M600M,5364,,
Radeon 535 Series,7290,,
Mali-G51,983,1008,
AMD Radeon R7 M260,5313,5690,
AMD Radeon(TM) R7 200 Series Graphics,8110,,
Mali-G52,1700,1586,
AMD Radeon(TM) RX 5600M Series,52040,,
GeForce GT 420,992,,
AMD Radeon HD 6700M Series,1434,,
AMD Radeon(TM) R5 Graphics,2920,2525,
ATI Radeon HD 5770,997,,
AMD Radeon R7 M265,5615,,
ATI Radeon RX Vega 64 Compute Engine,51447,,
Mali-G57,2288,,
Quadro P3200,34925,34066,
GeForce GTX 1650 SUPER,56468,53196,49791
GeForce GTX 750 Ti,12495,12690,12043
Radeon Pro WX 3100,10303,,
Quadro P600,10829,10859,10611
Radeon (TM) Pro WX 9100,71918,,
Quadro RTX 8000,167761,143936,
Quadro RTX 4000,94398,78176,60165
AMD Radeon HD 6470M,779,,
Intel(R) UHD Graphics (CML GT2),2771,,
Apple A12Z,11231,,
Quadro GP100,88351,,
Quadro M4000,16526,18282,21215
AMD RADV/ACO NAVI10 (LLVM 9.0.0),64592,,
AMD Radeon HD 7450 Graphics,626,,
ATI Radeon R9 M390 Compute Engine,19360,,
GeForce GTX 980,29398,33466,39120
GeForce GT 550M,1998,,
AMD FirePro M4000,6401,,
AMD Radeon(TM) HD8970M,23398,,
Tesla K10.G2.8GB,12189,,
GeForce GTX 670,11261,12144,14310
AMD Radeon HD 6310 Graphics,306,,
Quadro P4200,34685,,
Intel(R) Haswell Desktop,558,,
Intel(R) HD Graphics 400,1260,,
SKL Graphics,4040,,
Intel(R) HD Graphics 405,1732,,
GeForce 410M,898,,
ATI Radeon Pro 580X Compute Engine,35767,,
AMD Radeon R5 430,5540,,
Radeon RX 560X,19213,18067,
AMD RADV VEGAM (LLVM 9.0.1),28841,,
Quadro RTX 5000,115741,93733,72287
AMD RADEON R9 M290X,21875,,
AMD Radeon RX Vega 56 Compute Engine,53083,,
Quadro K1000M,1636,,
AMD Radeon(TM) R5 340X,5418,,
TITAN RTX,168101,141486,112584
Radeon Pro Vega 20,27654,23665,
AMD FirePro D300,18974,18308,
Mali-T760,995,108,
Adreno (TM) 640,2513,,
Mali-T720,182,,
Radeon Pro Vega 64,68194,,
AMD RADV POLARIS10 (LLVM 9.0.1),44478,,
GeForce GT 650M,1743,,
GeForce GTX 1070 with Max-Q Design,40457,40680,41262
AMD Radeon(TM) RX Vega11 Graphics,10108,8811,
Tesla M40,34318,,
Quadro M5000M,22260,,
GeForce MX330,10122,11184,10071
Intel(R) HD Graphics,925,,
GeForce GTX 460M,3639,,
AMD Radeon (TM) R9 Fury Series,53063,67093,
Mali-G71 MP2,737,,
GRID K2,10101,,
AMD Radeon HD Verde XT Prototype Compute Engine,13207,,
Iris,3911,,
Quadro K1100M,2115,2384,2652
AMD Radeon HD Verde PRO Prototype Compute Engine,9539,,
Intel(R) HD Graphics 630 (KBL GT2),2421,,
GeForce GTX 1060,31082,31914,31411
AMD Radeon RX 5600M,50223,,
GeForce GT 750M,3036,1910,3763
AMD RADV POLARIS10 (LLVM 9.0),41771,,
AMD Radeon R9 M390 Compute Engine,19945,,
Radeon RX Vega M GL Graphics,21266,22843,
GeForce RTX 2070 with Max-Q Design,83946,73522,60345
AMD Radeon HD 8470,771,,
GeForce GT 545,2633,,
GeForce 610M,1118,,
AMD Radeon Pro W5500X Compute Engine,36668,,
ATI Radeon HD Hawaii Unknown Prototype Compute Engine,38084,,
AMD RADV/ACO POLARIS10 (LLVM 10.0.1),41800,,
GeForce GTX 560M,4521,,
GeForce GTX 960M,11658,12230,10132
Ellesmere [Radeon RX 470/480/570/570X/580/580X],37778,,
AMD Radeon HD 7800M Series,9869,,
AMD Radeon RX 5700 XT,75738,56636,
AMD Radeon(TM) 540,10366,,
GeForce GTX 1060 6GB,33699,35684,36683
AMD Mobility Radeon HD 5000 Series,1070,,
AMD Radeon R7 200 Series,11286,11011,
AMD Radeon HD 7500M/7600M Series,1054,,
ATI Radeon Pro 555X Compute Engine,12360,,
AMD Radeon HD 7560D,1457,,
ATI Radeon HD 6770M,450,,
AMD Radeon HD 8400 / R3 Series,1532,,
Quadro M1200,11125,11326,9983
ATI Radeon HD Verde XT Prototype Compute Engine,13536,,
GeForce 920MX,4420,4196,3616
GeForce GTX 750,10360,10441,9552
Quadro M2000M,9139,10763,9198
Iris Pro,4396,,
AMD Radeon RX 5700 XT Compute Engine,51223,,
Intel(R) HD Graphics 520,4200,4066,
AMD Radeon Pro 450 Compute Engine,10646,,
GeForce GTX 480,12660,,
ATI Radeon Pro 570 Compute Engine,26781,,
ATI Radeon HD Vega10 XT Prototype Compute Engine,58926,,
AMD RADV RAVEN (ACO),10134,,
GeForce 710M,1983,,
Intel(R) Iris(TM) Plus Graphics,7810,,
ATI Radeon R9 M290 Compute Engine,20068,,
ATI Radeon RX 560 Compute Engine,19923,,
GeForce GTX 1650 Ti,44757,42513,38459
AMD Radeon HD 6300M Series,456,,
AMD RADV RENOIR (LLVM 10.0.0),11104,,
Intel(R) Iris(TM) Pro Graphics P6300,6032,,
GeForce GTX 660M,2968,3855,3310
AMD Radeon 550X,10077,,
Quadro 2000M,2552,,
AMD Radeon R9 M395X Compute Engine,27894,,
AMD RADV POLARIS11 (LLVM 10.0.0),8133,,
ATI Radeon HD Ellesmere Prototype Compute Engine,23268,,
AMD Radeon RX 570 Compute Engine,35353,,
NVS 5200M,1710,,
Intel(R) HD Graphics 4400,2339,,
AMD Radeon HD 8750M,6694,,
AMD Radeon HD 6520G,697,,
Tesla K20Xm,13022,16097,
AMD Radeon HD 7660D,2048,,
Quadro M2200,11688,14785,
Mali-T880,1607,92,
AMD Radeon HD 7660G,1682,,
Radeon (TM) 520,5620,,
ATI Radeon HD - FirePro D300 Compute Engine,20706,,
Radeon (TM) RX 570 Graphics,41843,,
AMD Radeon Pro 5600 XT Compute Engine,44486,,
Radeon Pro 570X,29295,,
ATI Radeon Pro 570X Compute Engine,26899,,
Tesla V100-PCIE-32GB,192717,,
GeForce 930MX,5611,5760,4753
GeForce GTX TITAN,18076,17179,22329
NVIDIA Tegra X1,1321,,
GeForce GTX 560 Ti,9516,,
GeForce GT 635M,1632,,
GeForce RTX 2080 SUPER,125709,113075,93874
AMD Radeon RX 5700 XT 50th Anniversary,78252,52373,
Radeon (TM) Pro Duo,53286,,
GRID M10-1B,10471,,
GeForce RTX 2080,119706,105861,89329
Radeon RX 560X Series,19873,22336,
AMD Radeon HD 8450G,934,,
GeForce GTX 760M,5336,4594,
NVIDIA Tegra X1 (nvgpu),1897,,
ATI Radeon Pro Vega 16 Compute Engine,20539,,
AMD Radeon HD 6620G,872,,
P106-100,34188,35830,
ATI Radeon HD 6970M,1016,,
AMD Radeon R5 M200 Series,5930,,
AMD Radeon Pro W5700 Compute Engine,44124,,
AMD Radeon R7 M460,7225,,
GeForce 940MX,6367,6389,5566
ATI Radeon Pro 450 Compute Engine,9754,,
AMD Radeon HD Hawaii PRO Prototype Compute Engine,40818,,
GeForce GT 620,1382,,
ATI Radeon RX 580 Compute Engine,40224,,
Intel(R) UHD Graphics 620,4853,4900,
ATI Radeon Pro Vega 48 Compute Engine,47418,,
AMD RADV POLARIS10 (LLVM 10.0.0),17337,,
GeForce GT 625,925,,
AMD Radeon HD 5670,1513,,
GeForce RTX 2080 Super with Max-Q Design,101303,87364,69218
Radeon RX 470 Series,37555,,
GeForce RTX 3080,205380,178162,120406
TITAN Xp,56636,65231,
AMD Radeon Pro 570 Compute Engine,29160,,
AMD Radeon HD 8550G,1369,,
AMD Radeon RX 590 Compute Engine,41140,,
GeForce GTX 860M,11089,10186,10562
AMD Radeon R9 M290 Compute Engine,20018,,
AMD Radeon HD 7500 Series,1360,,
NVS 310,850,,
NVS 5400M,2239,,
AMD Radeon R7 250 Series,9663,,
Radeon (TM) RX 570,36951,,
AMD Radeon(TM) HD 7650A Graphics,1264,,
AMD Radeon Pro 5300 Compute Engine,36153,,
NVS 315,855,,
AMD Radeon R7 240 Series,5402,,
AMD Radeon Pro 575X Compute Engine,34227,,
GTX 1060 6GB,21440,,
AMD RADV ICELAND (LLVM 10.0.0),2267,,
AMD Radeon HD 8200 / R3 Series,1479,,
AMD Radeon HD Tahiti XT Prototype Compute Engine,35241,,
GeForce 830A,4569,,
Radeon Pro 570,29897,34345,
GeForce GT 435M,1649,,
Radeon (TM) R5 M430,4385,,
AMD Radeon HD Hawaii XT Prototype Compute Engine,42664,,
Radeon Pro 575,35415,,
AMD Radeon HD 6670,1650,,
ATI Radeon HD 5400 Series,385,,
Intel(R) UHD Graphics 620 (WHL GT2),2681,,
AMD Radeon 6600M and 6700M Series,1131,,
GeForce GTX 560,7952,,
AMD Radeon HD 8650G,1673,,
GeForce 830M,4358,4420,
ATI Radeon Pro WX 5100 Compute Engine,28072,,
AMD RADV RAVEN (LLVM 9.0.1),5540,,
AMD RADV RAVEN (LLVM 10.0),8001,,
AMD RADV RENOIR (ACO),8808,,
AMD Radeon HD Tonga XT Prototype Compute Engine,31769,,
Intel(R) HD Graphics Gen9,5603,,
AMD Radeon HD 7600M Series,1238,,
ATI Radeon RX 460 Compute Engine,18308,,
Radeon 520,6139,,
GeForce GTX TITAN Black,18294,20803,22983
AMD Radeon HD Fiji XT Prototype Compute Engine,34025,,
AMD Radeon Navi14 Compute Engine,31401,,
AMD Radeon (TM) R7 M360,5580,,
Mali-TNAX,1489,,
Radeon Pro 555X,14654,14423,
Adreno (TM) 530,582,,
AMD Radeon HD 7900 Series,33008,31967,
AMD RADV NAVI10 (LLVM 10.0),38665,,
AMD Radeon RX 470 Compute Engine,34264,,
Radeon(TM) 520,5921,,
AMD Radeon R9 M200X Series,7511,,
ATI Radeon HD 7950 Compute Engine,27319,,
Intel(R) Gen12 Mobile Graphics Controller,12068,7264,
AMD RADV NAVI10 (ACO),50243,,
ATI Radeon Pro 560X Compute Engine,16485,,
GeForce 930M,5123,5249,4538
PowerVR Rogue GM9446,113,,
AMD Radeon RX Vega 64 Compute Engine,55066,,
PowerVR Rogue GE8320,78,,
AMD Radeon(TM) Vega 8 Graphics,8650,8399,
AMD Radeon R5 M255,5008,,
AMD Radeon RX 5700XT Compute Engine,54383,,
PowerVR Rogue GE8322,91,,
Intel(R) Iris(R) Graphics 550,6765,6841,
AMD Radeon Pro 5500 XT,40650,,
Radeon RX 540,10179,,
AMD RADV POLARIS11 (LLVM 10.0),17705,,
AMD Radeon HD 7480D,745,,
Quadro K3000M,3121,,
Radeon (TM) RX 550X,11644,,
ATI Radeon HD Tonga XT Prototype Compute Engine,27082,,
Intel(R) UHD Graphics 620 (KBL GT2),2979,,
GeForce GT 740,3395,3404,
Intel(R) HD Graphics 4400 (HSW GT2),2151,,
Radeon(TM) 540 Graphics,8075,,
GeForce GTX 650 Ti,6422,7279,8119
GeForce GT 430,1954,,
GeForce GT 705,1234,,
Intel(R) HD Graphics P630,5300,,
ATI Radeon HD Hawaii PRO Prototype Compute Engine,39145,,
AMD Radeon HD 6700 Series,3293,,
ATI Radeon RX 5700 XT 50th Anniversary Compute Engine,47952,,
GeForce GTX 980M,21756,23914,26731
AMD Radeon Pro W5700X Compute Engine,61177,,
Intel(R) Amber Lake (Kabylake) GT2,738,,
ATI Radeon RX 480 Compute Engine,36813,,
ATI Radeon R9 M370X Compute Engine,10272,,
AMD Radeon(TM) R4 Graphics,1925,2399,
ATI Radeon Pro WX 7100 Compute Engine,35790,,
ATI Radeon R9 M295X Compute Engine,26881,,
Quadro K3100M,4496,,
Intel(R) HD Graphics 5300 (Broadwell GT2),1937,,
AMD Radeon HD 8500M,4347,3660,
Intel(R) HD Graphics 4600 (HSW GT2),2489,,
AMD RADV/ACO NAVI10 (LLVM 9.0.1),52739,,
GeForce GTX 950,15864,17945,17609
GeForce GT 555M,2695,,
Intel(R) Iris Pro Graphics 580 (Skylake GT4e),5258,,
GeForce GTX 680,13284,9859,15317
AMD RADV/ACO NAVI10 (LLVM 11.0.0),54779,,
AMD Radeon HD 7950 Compute Engine,28539,,
GeForce GT 520M,1004,,
Radeon RX 5500 XT,45248,34548,
AMD Radeon HD 8370D,792,,
Quadro T1000,33772,32078,29791
AMD RADV POLARIS10 (LLVM 7.0.0),38856,,
GeForce GTX 645,3789,,
GeForce GTX 675MX,3952,,
GeForce GTX 680M,9769,,
Tesla V100-SXM2-32GB-LS,131696,,
Intel(R) Iris(TM) Graphics 650,6053,,
GeForce GTX 760 Ti OEM,14607,,
Intel(R) HD Graphics 4600,3102,,
AMD 15D8:C8,14905,14943,
AMD Radeon Pro 580X,41961,,
AMD RADEON R9 M295X,26848,,
AMD 15D8:C9,11207,11836,
AMD RADV POLARIS10 (LLVM 8.0.1),28377,,
AMD Radeon (TM) 625,4672,,
AMD Radeon HD 7000 series,792,,
AMD Radeon (TM) R6 Graphics,3575,,
ATI Radeon HD Pitcairn Unknown Prototype Compute Engine,21796,,
Adreno (TM) 650,3219,,
AMD 15D8:CC,5105,5473,
Adreno (TM) 610,475,,
Adreno (TM) 612,525,,
Adreno (TM) 615,640,,
GeForce GT 620M,1616,,
Adreno (TM) 616,818,,
AMD Radeon HD 8470D,1152,,
AMD FirePro S10000,31759,,
Quadro T2000,40337,38450,34197
Quadro 4000,4206,,
AMD Radeon R5 M330,5297,,
Adreno (TM) 618,1030,,
ATI Radeon Pro Vega II Compute Engine,81785,,
GeForce GTX 780M,5099,,
AMD Radeon Pro 5600M Compute Engine,39619,,
AMD Radeon Pro 580X Compute Engine,38766,,
AMD Radeon RX 5500 XT Compute Engine,34021,,
AMD Radeon R5 M335,4810,,
Mali-G71 MP2 r0p0,725,,
AMD Radeon Pro Vega 16 Compute Engine,21145,,
GeForce GTX 1650,39912,38366,34733
Intel(R) HD Graphics 5600,2938,,
AMD Radeon HD 8870M,8490,,
AMD RADEON R9 M395X,27297,,
AMD Radeon HD 7400M Series,746,,
Quadro K420,1409,,
AMD FirePro W4170M,6460,7199,
Unknown AMD GPU,9913,11378,
GeForce GTX 1070,45496,47385,50941
GeForce RTX 2080 Ti,164016,137452,115099
AMD Radeon (TM) RX 480,33268,,
GeForce GTS 450,4472,,
AMD Radeon (TM) R7 370 Series,23273,23763,
GeForce GT 755M,2137,,
AMD Radeon HD Bonaire XT Prototype Compute Engine,16783,,
AMD Radeon Pro Vega 48 Compute Engine,49531,,
AMD Radeon (TM) R7 360 Series,16083,19071,
AMD Radeon(TM) R5 M330,4587,,
GeForce GT 720M,1993,,
AMD Radeon HD 8570D,1506,,
AMD Radeon HD 7400 Series,634,,
AMD Radeon HD 8400,1434,,
Quadro 5000,6282,,
GeForce GTX TITAN X,33281,37970,50694
AMD Radeon RX 5600 XT,62163,47038,
GeForce GTX 880M,11165,,
AMD RADV VEGA10 (LLVM 10.0.0),42013,,
GeForce GTX TITAN Z,17751,,
AMD Radeon R7 430,6506,,
NVS 510,1474,,
GeForce GTX 965M,14061,15745,16368
KBL Graphics,4458,,
AMD Radeon(TM) Vega 11 Graphics,12389,14414,
AMD Radeon(TM) RX 560,17731,,
ATI Radeon HD 5800 Series,5463,,
AMD Radeon Pro Vega 64X Compute Engine,62177,,
AMD Radeon Pro W5500 Compute Engine,32697,,
AMD Radeon RX 5700 XT 50th Anniversary Compute Engine,56289,,
GeForce GTX 1060 3GB,31869,33249,33459
ATI Radeon Pro Vega 56 Compute Engine,55927,,
Intel(R) Gen12 Mobile Graphice Controller,10922,,
GeForce GTX 760 (192-bit),9246,,
Intel HD Graphics Family,3270,,
GeForce GT 420M,1341,,
GeForce GT 820M,1550,,
GeForce GTX 760,10683,10762,12492
AMD Radeon HD 8670D,2088,,
Quadro 2000,3224,,
Quadro 6000,9757,,
Intel(R) HD Graphics 530,4549,4789,
AMD Radeon Pro WX 5100 Compute Engine,26061,,
AMD Radeon HD 8600/8700M,6933,,
Radeon RX Vega,78247,70127,
Intel(R) HD Graphics 620 (KBL GT2),2362,,
AMD RADV RENOIR (LLVM 10.0.1),11303,,
AMD Radeon HD 8670M,4957,,
Quadro RTX 5000 with Max-Q Design,92725,85802,66169
GeForce GTX 980 Ti,36045,40027,52899
AMD Radeon Pro WX8200 Compute Engine,35060,,
GeForce GTX 670MX,5316,,
AMD Radeon Pro 555X Compute Engine,13898,,
AMD Radeon RX 580 2048SP,40861,34212,
AMD Radeon(TM) R9 M375,8880,,
AMD Radeon Pro 450,10638,,
GeForce GTX 1080 with Max-Q Design,49038,,
Radeon (TM) 530,6910,,
Radeon Pro 575X,34373,,
Quadro K610M,1756,,
AMD Radeon Pro WX 3100,11255,13342,
AMD Radeon Pro 455,12296,,
Intel(R) UHD Graphics 630 (Coffeelake 3x8 GT2),3720,,
GeForce RTX 2070 Super with Max-Q Design,65885,75333,62565
AMD Radeon (TM) RX 480 Graphics,44575,,
AMD Radeon Pro 5700X Compute Engine,52299,,
Intel(R) UHD Graphics P630,6112,,
AMD Radeon Vega Compute Engine,47733,,
ATI Radeon Vega Frontier Edition Compute Engine,52132,,
AMD Radeon(TM) RX Vega 11 Graphics,13038,13151,
AMD Radeon(TM) R5 240,5177,,
GeForce GTX 765M,5517,5281,6706
AMD Radeon Unknown Prototype Compute Engine,50444,,
GeForce MX150,9602,10073,9396
GeForce MX110,4708,4601,4156
GeForce GTX 680MX,4499,,
Intel(R) Iris(R) Plus Graphics 640,5596,6418,
AMD Radeon R7 Graphics,6289,6615,
Radeon 550X Series,10885,,
AMD Radeon (TM) Pro WX 7100 Graphics,40753,33570,
GeForce GTX 1050 with Max-Q Design,15055,17757,17223
name,score,score,
Intel(R) Iris(R) Plus Graphics 645,8190,6852,
AMD Radeon Pro 570X Compute Engine,29081,,
Tesla V100-PCIE-16GB,195493,,
Radeon Pro Series,22948,,
GeForce RTX 2080 with Max-Q Design,102591,87668,69279
Quadro M4000M,20871,,
GeForce GT 630,2097,,
ATI Radeon Polaris Compute Engine,23363,,
AMD Radeon HD 8500M Series,4918,,
Intel(R) UHD Graphics 630,5097,5584,
Intel(R) HD Graphics 4000 (IVB GT2),1427,,
AMD RADV POLARIS10 (LLVM 10.0.1),18126,,
GeForce GT 635,3800,,
ATI Radeon HD 5670,1471,,
Radeon RX 5500,28910,,
AMD Radeon HD 6320 Graphics,337,,
GRID T4-8Q,48785,,
GeForce RTX 3090,232855,204157,141837
AMD Radeon HD 8210,758,,
GRID T4-4Q,62850,45513,
GeForce GTX 1660 Ti with Max-Q Design,59790,53557,47500
Mali-G76 MC4 r0p0,2015,,
ATI Radeon Pro Vega 64X Compute Engine,66033,,
AMD Radeon R7 240,4920,,
Radeon (TM) RX 470 Graphics,38823,39595,
AMD Radeon Pro WX 7100 Compute Engine,35062,,
Quadro P500,5560,,
ATI Radeon RX 5600 XT Compute Engine,40624,,
ATI Radeon HD Pitcairn XT Prototype Compute Engine,21531,,
ATI Radeon Pro WX 9100 Compute Engine,48656,,
Intel(R) HD Graphics 520 (SKL GT2),2307,,
Radeon Pro 580,41907,45648,
TITAN X (Pascal),49861,56322,80900
Radeon (TM) Pro WX 4130 Graphics,7989,,
GeForce GT 540M,1760,,
Intel(R) HD Graphics 610,2759,2815,
GeForce GTX 570,12323,,
Mali-G52 MC2 r1p0,1072,,
Intel(R) HD Graphics 615,3610,3919,
ATI FirePro V4800 (FireGL) Graphics Adapter,1481,,
ATI Radeon HD Fiji XT Prototype Compute Engine,34993,,
AMD Radeon(TM) Vega 3 Graphics,4410,4129,
AMD Radeon (TM) R5 M315,3427,,
AMD Radeon HD 8790M,7162,,
Intel(R) Iris(TM) Graphics 540,6246,2018,
GTX 950M,4817,,
Ellesmere [Radeon RX 470/480/570/570X/580/580X/590],45299,,
AMD Radeon R5 330,5123,,
Radeon RX 550X,12598,,
AMD Radeon Vega Frontier Edition Compute Engine,56175,,
AMD Radeon Pro WX3200 Graphics,11580,,
AMD Radeon (TM) R7 M370,7532,,
Adreno (TM) 540,643,,
GeForce GT 640M,2245,,
Radeon(TM) 530,4719,,
AMD Radeon Polaris Compute Engine,24710,,
Mali-G77 r0p1,4934,,
AMD Radeon Pro Vega II Compute Engine,82423,,
GRID V100D-16Q,163420,,
ATI Radeon RX Vega10 Unknown Prototype Compute Engine,53388,,
Adreno (TM) 506,132,,
NVS 4200M,1157,,
AMD Radeon R9 M370X,10039,,
Radeon(TM) RX 460 Graphics,19872,19777,
Adreno (TM) 508,204,,
AMD Radeon Pro 5700 XT Compute Engine,54736,,
Adreno (TM) 509,227,,
GeForce MX230,6831,7241,7182
AMD Radeon VII,86605,78076,
Intel(R) Gen9 HD Graphics NEO,5860,,
ASUS R9 280 Series,34909,,
ATI Radeon HD Tonga PRO Prototype Compute Engine,24867,,
AMD FirePro W4190M,5091,,
Quadro K620,6640,6664,6308
AMD Radeon HD 7800 Series,24466,25067,
GeForce GTX 550 Ti,5350,,
ATI Radeon R9 M290X Compute Engine,22590,,
AMD Radeon HD Pitcairn Unknown Prototype Compute Engine,23795,,
Tesla T4,75056,66054,56211
AMD Embedded Radeon E9173,9621,,
AMD Radeon (TM) RX 640,10586,,
ATI Radeon Pro 555 Compute Engine,12044,,
GeForce RTX 2070 SUPER,108173,97918,84960
AMD Radeon HD 5800 Series,5367,,
AMD Radeon R9 M380,14422,,
AMD Radeon HD 8950,15865,,
GeForce GT 710,1515,2052,1913
Mali-G71,2486,731,
Mali-G31,346,,
Mali-G72,2785,2739,
GeForce GT 740M,2968,3668,3759
GeForce GT 440,2355,,
ATI Radeon HD 5750,793,,
Mali-G76,3928,3649,
Intel(R) Iris(R) Xe Graphics,16381,15940,
Mali-G77,4192,,
AMD Radeon Pro 560X Compute Engine,18826,,
AMD Radeon HD 8330,1432,,
AMD Radeon R9 M380 Compute Engine,15108,,
AMD Radeon R9 M395 Compute Engine,23677,,
AMD Radeon HD 5450,392,,
Radeon (TM) HD 8670M,5094,,
Quadro M6000 24GB,33563,,
AMD Radeon (TM) Pro WX 3200 Series,12134,,
AMD Radeon R9 200 Series,37552,40796,
GeForce GTX 1080 Ti,55414,60913,85881
Quadro P620,11666,12492,11547
GeForce GTX 950M,9922,9992,8697
AMD FirePro (TM) S9300 x2,37415,,
GeForce GTX 1060 5GB,31641,,
AMD Radeon Pro Vega 56 Compute Engine,54637,,
AMD RADV/ACO NAVI10 (LLVM 10.0.0),55842,,
AMD Radeon (TM) E9550,36624,,
GeForce GTX 960,17701,20808,21946
Tesla M40 24GB,35098,,
AMD Radeon(TM) 530 series,6084,,
Radeon RX 5300M,32553,,
GeForce GTX 690,12227,10716,
PowerVR Rogue GT7400 Plus,603,,
GeForce GTX 650,3443,3923,4010
GeForce GT 525M,1558,,
AMD Radeon (TM) R5 M430,5078,,
AMD Radeon(TM) R3 Graphics,1364,1793,
AMD Radeon HD 6450,634,,
AMD Radeon R9 M370X Compute Engine,10446,,
Quadro M620,8815,,
ATI Radeon Pro 560 Compute Engine,14709,,
AMD FirePro W5130M,8721,,
ATI Radeon Pro 575 Compute Engine,31460,,
ATI Radeon Pro Vega 64 Compute Engine,61980,,
AMD Ryzen 5 2400G with Radeon Vega Graphics,4631,,
AMD 15D8:D8,13559,,
AMD Radeon R9 M295X Compute Engine,27127,,
Quadro K5000M,4145,,
ATI Radeon RX 550 Compute Engine,13952,,
AMD Radeon HD 7310 Graphics,281,,
AMD RADV POLARIS10 (ACO),45984,,
AMD Radeon Pro 555 Compute Engine,13466,,
Radeon(TM) RX 580,44513,,
AMD 15D8:DA,12871,,
AMD Radeon RX 560 Compute Engine,20034,,
AMD Radeon VII Compute Engine,59487,,
ATI Radeon R9 M380 Compute Engine,14617,,
Radeon Pro 560X,17237,18095,
Adreno (TM) 620,1147,,
ATI Radeon R9 M395 Compute Engine,23189,,
TITAN V,185439,146128,156374
AMD Radeon HD 7650M,1027,,
AMD FirePro M6100,15748,16629,
ATI Radeon Pro Vega 20 Compute Engine,23888,,
Radeon Pro Vega 48,49320,50963,
AMD Radeon Pro 5300M Compute Engine,25996,,
AMD Radeon HD 7450,641,,
AMD Radeon R7 Series,3447,,
ATI Radeon Pro 5700X Compute Engine,53286,,
Tesla M60,25336,27413,
Radeon 540X Series,8704,,
Radeon 500 Series,8819,,
GeForce MX350,12739,13831,13517
GeForce GTX 1660,60079,55522,49965
ATI Radeon Unknown Prototype Compute Engine,47143,,
Quadro M1000M,8882,9106,7645
AMD Radeon HD Ellesmere Prototype Compute Engine,19364,,
PowerVR Rogue GE8100,17,,
Quadro K5100M,9172,8028,
Intel(R) Iris(TM) Graphics 5100,4249,,
Radeon (TM) Pro WX 5100 Graphics,27578,,
Intel(R) Iris(TM) Plus Graphics 640,6383,,
AMD Radeon Pro WX 3200 Series,13925,,
AMD Radeon RX5700xt Compute Engine,63132,,
Intel(R) HD Graphics 5300,1853,,
GeForce GTX 1080,51593,54317,67300
AMD Radeon(TM) R7 Graphics,5243,5233,
AMD Radeon Pro Vega II Duo,88755,,
Intel(R) Iris(TM) Plus Graphics 645,7269,,
AMD RADV RAVEN (LLVM 10.0.0),5846,,
AMD Radeon Pro 5500M,35243,28437,
AMD Radeon R7 M360,4370,,
Radeon RX 5500M,40000,,
Quadro 1000M,1514,,
AMD RADV CARRIZO (LLVM 9.0.1),3574,,
AMD Radeon(TM) HD 7450,659,,
GeForce GT 520,1114,,
ATI Radeon HD 5870,1536,,
AMD Radeon HD - FirePro D700 Compute Engine,28889,,
ATI Radeon Pro 455 Compute Engine,11888,,
AMD Radeon HD 5570,1229,,
AMD Radeon 610 Series,4241,,
AMD RADV VEGA10 (LLVM 10.0.1),36953,,
AMD Radeon HD 6480G,582,,
GeForce GTX 850M,9055,9912,8709
Intel(R) Iris(TM) Graphics 6100,3582,,
AMD Radeon Pro 560 Compute Engine,16959,,
Radeon (TM) Pro WX 7100 Graphics,39216,,
AMD Radeon Pro 575 Compute Engine,33441,,
AMD Radeon RX 580 Compute Engine,40213,,
AMD Radeon Pro WX 9100 Compute Engine,54319,,
AMD Radeon(TM) HD 8610G,1456,,
AMD Radeon(TM) R7 M360,4020,,
AMD Radeon Pro 5600M,45660,,
AMD RADV RAVEN (LLVM 9.0),7970,,
GeForce GT 425M,1541,,
AMD Radeon(TM) Vega 10 Graphics,9374,8187,
GeForce GTX 770,13820,14262,16805
AMD Radeon Series,1248,,
AMD Radeon HD 6570,1401,,
Intel(R) HD Graphics 500,1034,1225,
GeForce GTX 460,6640,,
ATI Radeon Pro WX 4100 Compute Engine,19327,,
AMD Radeon Pro W5500,45411,,
Quadro K2100M,3113,3335,3433
Intel(R) HD Graphics 505,1358,,
GeForce 820M,2299,,
GeForce GTX 1650 Ti with Max-Q Design,41765,39021,35596
AMD Radeon (TM) R9 M390X,19068,,
ATI Radeon Pro 5500 XT Compute Engine,40620,,
AMD Radeon Pro 460,16434,,
AMD Radeon Pro 5300M,27028,22988,
Device 6863,49493,,
Mali-T860,536,,
ATI Radeon HD Verde PRO Prototype Compute Engine,8464,,
ATI Radeon Pro 460 Compute Engine,15199,,
Mali-T820,23,,
AMD FirePro D700 (FireGL V),29064,,
GRID V100D-32Q,179897,,
AMD Radeon HD 7570,1338,,
AMD Radeon(TM) R9 270,24991,,
AMD Radeon HD 7600G,1088,,
Radeon 550 Series,11360,,
AMD Radeon Pro 455 Compute Engine,13194,,
Unknown,15766,,
AMD Radeon RX 460 Compute Engine,18200,,
AMD Radeon HD 7700 Series,12295,11739,
GeForce RTX 2060,77953,70955,61867
GeForce 920M,2800,3456,3292
Intel(R) Iris(R) Plus Graphics 650,6116,7694,
Radeon 530 Series,5715,,
AMD RADV NAVI10 (LLVM 9.0.1),54456,,
Intel(R) HD Graphics 2500,398,,
AMD Radeon(TM) Vega 6 Graphics,7009,7071,
GeForce GTX 1050 Ti with Max-Q Design,19193,20597,18875
Intel(R) Iris(R) Plus Graphics 655,7498,7851,
AMD Radeon (TM) RX 570,36804,34265,
AMD Radeon RX 5600 XT Compute Engine,41331,,
HD Graphics 4000,989,,
AMD Radeon(TM) RX Vega 10 Graphics,9099,9719,
P102-100,49602,,
AMD Radeon R7 M440,5885,,
Intel(R) UHD Graphics 630 (CFL GT2),2840,,
GeForce GT 640,2908,3250,3449
GeForce GTX 1050 Ti,20683,21950,20699
AMD Radeon(TM) R5 M420,4438,,
AMD Radeon R8 M365DX,5490,,
AMD Radeon HD 8570,7030,,
AMD Radeon R9 M275,9231,,
Quadro K2000,3179,3474,
Intel(R) UHD Graphics 600,1236,1283,
AMD Radeon R6 Graphics,4687,,
Intel(R) HD Graphics P530,4764,,
AMD Radeon Pro 5700,47929,,
Intel(R) UHD Graphics 605,1742,2098,
GRID RTX6000P-8Q,79528,,
Radeon Instinct MI25 MxGPU,8728,,
AMD Radeon HD 8500 series,5219,,
GeForce GTX 570M,5696,,
GeForce GTX 970M,16840,19710,21336
Intel(R) LakeField Mobile Graphics Controller,4540,,
Radeon Pro W5700X,42796,46657,
AMD Radeon Pro 5500 XT Compute Engine,41223,,
Radeon (TM) RX 550,11419,,
ASUS Radeon RX 470 Series,38574,,
HD Graphics 5000,3399,,
AMD Radeon R5 200 Series,631,,
AMD Radeon(TM) R2 Graphics,1175,,
Intel(R) Iris(R) Plus Graphics,7135,8201,
AMD Radeon Pro 460 Compute Engine,17084,,
ATI Radeon Pro 580 Compute Engine,34801,,
AMD Radeon RX 480 Compute Engine,39398,,
AMD Radeon R6 M255DX,4867,,
AMD Radeon HD 7570M,967,,
AMD Radeon HD 7970M,20653,,
AMD RADV NAVI10 (LLVM 10.0.0),55110,,
Intel(R) HD Graphics 620,4440,4467,
Radeon Pro 555,12826,,
ATI Radeon RX 570 Compute Engine,35784,,
Intel(R) HD Graphics 5500 (BDW GT2),2261,,
Quadro K2000M,2569,2688,
GeForce GTX 580,14504,,
AMD Radeon (TM) R5 M320,5027,,
GeForce GTX 670M,6035,,
AMD Radeon Pro Vega 64 Compute Engine,58746,,
Quadro T2000 with Max-Q Design,42469,39747,
ATI Radeon RX 5700 Compute Engine,37443,,
AMD Radeon HD 7700M Series,6904,,
Intel(R) Iris(TM) Graphics 550,6265,,
Quadro P2000 with Max-Q Design,18309,19598,
GT 755M,1290,,
AMD Radeon HD 6530D,798,,
AMD Radeon (TM) 520,5178,,
AMD Radeon(TM) Graphics,10078,12169,
AMD Radeon(TM) RX Vega 8 Graphics,11842,10148,
Tesla K20c,14551,,
Intel(R) UHD Graphics,5060,5192,
Radeon Pro 580X,40968,37810,
ATI Radeon HD Baffin Unknown Prototype Compute Engine,20764,,
AMD Radeon (TM) R7 M340,5187,,
AMD Radeon HD 7670M,1249,,
GeForce GT 645M,2863,,
AMD Radeon Pro Vega 20 Compute Engine,24217,,
Quadro K4000,5295,5761,
Mali-G72 MP3,1126,1242,
Adreno (TM) 512,305,,
QUALCOMM Adreno(TM),1897,,
AMD Radeon HD 6900 Series,5475,,
AMD Radeon Pro 5500M Compute Engine,31393,,
AMD Radeon R5 M230,4591,,
AMD Radeon (TM) R9 390 Series,46624,48394,
ATI Radeon Pro 5300M Compute Engine,23509,,
ATI Radeon Vega Compute Engine,50683,,
GeForce GTX 770M,6443,,
GeForce GTX 1060 with Max-Q Design,28713,30656,29090
PowerVR Rogue GE8300,63,,
AMD Radeon (TM) R9 380 Series,29223,34094,
Intel(R) HD Graphics 5500,2523,,
AMD Radeon (TM) R7 370 Series Graphics,24719,,
AMD Radeon (TM) R9 370 Series,22398,,
GeForce RTX 2060 SUPER,94868,83827,73582
AMD Radeon HD 6630M,984,,
AMD Radeon (TM) RX 570X,38742,,
ATI Radeon RX 590 Compute Engine,44246,,
GeForce GT 720,1257,2265,1632
GeForce GT 745M,3611,,
Quadro K5000,8391,6995,
Intel(R) HD Graphics 6000,3947,,
ATI Radeon HD Tahiti XT Prototype Compute Engine,33845,,
AMD Radeon Pro 580 Compute Engine,36881,,
AMD Radeon HD Pitcairn PRO Prototype Compute Engine,21077,,
GeForce GT 710M,1963,,
ATI Radeon HD - FirePro D700 Compute Engine,28514,,
ATI Radeon HD Hawaii XT Prototype Compute Engine,41187,,
AMD Radeon Pro 5700 XT,53345,,
GeForce GTX 870M,12487,,
AMD Radeon HD 5700 Series,3121,,
GeForce RTX 2060 with Max-Q Design,68270,59734,53428
GeForce GTX 1660 SUPER,65296,60242,56257
AMD Radeon Pro Vega II Duo Compute Engine,85103,,
Quadro M3000M,15369,17181,
AMD Radeon RX 5700 Compute Engine,42191,,
AMD Radeon R9 M290X Compute Engine,22733,,
Quadro RTX 3000 with Max-Q Design,68262,60736,
AMD RADV/ACO NAVI10 (LLVM 10.0.1),46406,,
GeForce GTX 1660 Ti,66059,60036,52684
AMD FirePro D500 (FireGL V),20629,,
GeForce GT625M,1940,,
AMD Radeon HD - FirePro D500 Compute Engine,20870,,
AMD RADEON R9 M390,20958,20905,
Quadro K6000,21061,20028,
GeForce GTX 970,25722,29199,33274
AMD RADEON R9 M395,21512,,
ATI Radeon RX 5700 XT Compute Engine,45995,,
AMD Radeon HD 7520G,956,,
GeForce GTX 660,8548,10042,10314
AMD Radeon Pro WX 4100 Compute Engine,16618,,
GeForce 840M,5515,5805,5204
Quadro 600,1823,,
AMD RADV POLARIS11 (LLVM 9.0),16172,,
Quadro P1000,13684,14561,13359
Graphics Device,39360,,
ATI Radeon RX 470 Compute Engine,34251,,
Intel(R) HD Graphics 610 (Kaby Lake GT1),678,,
AMD FirePro W4100,6526,,
AMD FirePro W8100,35395,,
ASUS R7 250X Series,14260,,
Radeon(TM) RX 550,11695,,
Intel(R) HD Graphics 4000,932,,
Adreno (TM) 630,1814,,
GeForce GTX 1650 with Max-Q Design,39419,36265,31759
AMD Radeon Pro 5700 Compute Engine,45719,,
Radeon Pro Vega 56,62791,,
Tesla P40,46401,50454,
AMD Radeon HD 7620G,1203,,
AMD Radeon R9 M275X,9498,,
Radeon Vega Frontier Edition,68854,63480,
Tesla P100-PCIE-16GB,88018,73258,
Radeon RX 550 Series,13657,,
GeForce 940M,5898,5966,5264
Quadro P2000,21109,23576,24608
Quadro P6000,44124,54682,
Tesla V100-SXM2-16GB,210846,142691,
AMD Radeon R7 M265 Series,6595,,
Mali-G57 r0p0,2765,,
ATI Radeon RX Vega 56 Compute Engine,49112,,
Mali-G57 r0p1,2934,,
Radeon (TM) RX 480 Graphics,44005,46786,
Intel(R) Iris(TM) Plus Graphics 650,7066,,
P106-090,20785,21416,
AMD FirePro W9100,41529,,
Intel(R) HD Graphics 615 (Kaby Lake GT2),882,,
Mali-TNAX r0p0,2163,,
GeForce GTX 1050,16828,18018,16967
Intel(R) Iris(TM) Plus Graphics 655,7403,,
AMD Radeon (TM) R9 200 Series,25216,26417,
AMD RADV RAVEN (LLVM 10.0.1),7047,,
Intel(R) HD Graphics 5000,3378,,
Intel(R) HD Graphics (Whiskey Lake 3x8 GT2),2213,,
Quadro K2200,11429,11813,11132
GeForce GT 530,2082,,
ATI Radeon HD Pitcairn PRO Prototype Compute Engine,23282,,
GeForce GT 1030,10261,10689,10096
AMD Radeon(TM) R6 Graphics,4033,3591,
AMD Radeon(TM) R7 250,9036,8744,
AMD Radeon R7 450,10960,,
TITAN Xp COLLECTORS EDITION,57406,63448,
AMD Radeon(TM) Vega 8 Mobile Graphics,7854,6897,
AMD FirePro W2100,4421,,
AMD Radeon(TM) 530,5598,,
Intel(R) Iris(TM) Pro Graphics 580,6775,,
Quadro P400,5655,5594,5691
Intel(R) Iris(TM) Pro Graphics 540,6166,,
Intel(R) Iris(R) Pro Graphics 580,8174,10240,
ATI Radeon R9 M395X Compute Engine,27323,,
AMD Radeon Pro WX 2100 Graphics,9907,,
GeForce GTX 780 Ti,20959,20564,26283
AMD Radeon(TM) 535,7078,,
Intel(R) HD Graphics 630 (Kaby Lake GT2),3480,,
